{
  "train_loss": [
    1.0440070804901762,
    0.653155159483113,
    0.5632114412538723,
    0.5212039233169673,
    0.44467100547665167,
    0.41493777994201153,
    0.40220307508811987,
    0.36584738594344585,
    0.3545413263044102,
    0.32586822264076715,
    0.3104149189026943,
    0.28632026787142384,
    0.2956833886158257,
    0.3008664051001759,
    0.2400728570467502,
    0.23117037231388554,
    0.21710758362859472,
    0.21001099443854562,
    0.19234472464538083,
    0.2067163543849868,
    0.1907945533757069,
    0.18360542347318015,
    0.1790989099762475,
    0.15440553631666074,
    0.14687944691593607,
    0.14346464805660708,
    0.13927180353401666,
    0.13394270628545424,
    0.1269947672572058,
    0.11995875762633156,
    0.11695587902811587,
    0.11786675575043568,
    0.1271941645423701,
    0.11458236566299174,
    0.10879059975620532,
    0.10915255047351453,
    0.1028892542937622,
    0.09371142363717701,
    0.09752699320260498,
    0.09728991497890917,
    0.0954248867555459,
    0.09424591970914159,
    0.08582717046263619,
    0.07914738058043254,
    0.07706640183715907,
    0.07256122620056836,
    0.06908771712937797,
    0.07124286887973819,
    0.06742477480593868,
    0.06946872082695593,
    0.06316979100053702,
    0.0652277801316408,
    0.06302768989668227,
    0.06444471901180378,
    0.06104976651574462,
    0.061224008929805125,
    0.0614941719871125,
    0.059572927043131135,
    0.052555968976565816,
    0.05390844298433264,
    0.052429662291764136,
    0.050858169060058925
  ],
  "val_loss": [
    0.7478110352059032,
    0.6085567398646335,
    0.6913307844830375,
    0.46568406455026207,
    0.7738145357024405,
    0.383146492771036,
    0.42642739842561095,
    0.4159208180088313,
    0.3588976417877628,
    0.4305014730530603,
    0.34630427389265084,
    0.5391825870366185,
    0.5473824977852825,
    0.3151929889324233,
    0.3371283856889886,
    0.3374478973687468,
    0.2742231245307801,
    0.27803614378392166,
    0.27833276414112385,
    0.2834904720867451,
    0.3026806730655373,
    0.29822563099758065,
    0.28497835767048724,
    0.2797576905656635,
    0.25680592848585476,
    0.2578030904574575,
    0.287164926652296,
    0.31847627858055866,
    0.3309049437751372,
    0.3146971960469536,
    0.29173735723347666,
    0.30309518946915737,
    0.28123592605269304,
    0.289368657456755,
    0.29579143896294585,
    0.31883125390270445,
    0.31201089048339564,
    0.2704365947967882,
    0.3613563776537111,
    0.36289666164448814,
    0.3164133368036519,
    0.3048425105006043,
    0.31507882862671815,
    0.35175501425465183,
    0.31240787561261524,
    0.32070830978385306,
    0.34918811784344583,
    0.351380440460902,
    0.3149084337648522,
    0.3198729877764272,
    0.3342737975631332,
    0.3511127475575442,
    0.36620520349863034,
    0.3430420564328744,
    0.37956490388965775,
    0.3632904324708324,
    0.37466038970639787,
    0.3624888129341121,
    0.3700004263433446,
    0.36226177476014093,
    0.38182002681015104,
    0.3737383193122508
  ],
  "train_acc": [
    0.5993698831754208,
    0.7787002115720725,
    0.7974657345230429,
    0.8101140649434274,
    0.8195888142765155,
    0.8369515223990434,
    0.8326740870205133,
    0.852566461227118,
    0.8461273111949222,
    0.8643179100358752,
    0.8714239720356913,
    0.8736086836537577,
    0.877173213135866,
    0.882301536197222,
    0.8930871125011498,
    0.8992962928893387,
    0.8999632048569589,
    0.9059884095299421,
    0.9055284702419281,
    0.9104728175880784,
    0.9119446233097231,
    0.9162220586882531,
    0.9212813908564069,
    0.9219942967528286,
    0.9252828626621286,
    0.9292383405390489,
    0.9340907000275963,
    0.9349415877104222,
    0.9352175512832306,
    0.9384371262993285,
    0.9389430595161439,
    0.9395869745193635,
    0.9348495998528195,
    0.9399319289853739,
    0.9422546223898446,
    0.9419556618526355,
    0.9443473461503081,
    0.9474059424156012,
    0.9486477784932389,
    0.9490157299236501,
    0.9456811700855488,
    0.9490157299236501,
    0.9510624597553123,
    0.9547419740594242,
    0.9572946371079017,
    0.9589964124735535,
    0.9595023456903689,
    0.959571336583571,
    0.9595943335479716,
    0.9596173305123724,
    0.9609511544476129,
    0.9620320117744457,
    0.9634348266028884,
    0.9650446141109373,
    0.9640327476773066,
    0.9632968448164843,
    0.9648836353601324,
    0.9622159874896513,
    0.9668383773341919,
    0.9668843712629933,
    0.9669303651917946,
    0.9669533621561954
  ],
  "val_acc": [
    0.7323153343758624,
    0.7961549075522031,
    0.8261429491307147,
    0.7566001287830006,
    0.2963848771962101,
    0.8127127219207064,
    0.8808757244043787,
    0.8784840401067059,
    0.8382853463342839,
    0.7105142121239997,
    0.8577867721460767,
    0.6272652009934688,
    0.777665348174041,
    0.9199705638855671,
    0.8788519915371171,
    0.9434274675742802,
    0.882531505841229,
    0.9081961181124092,
    0.8402170913439426,
    0.8921902308895225,
    0.874804525802594,
    0.9162910495814552,
    0.9152791831478245,
    0.9364363903964676,
    0.9099438874068623,
    0.893846012326373,
    0.9392880139821543,
    0.9407598197037991,
    0.9437954190046913,
    0.9433354797166774,
    0.9299052525066691,
    0.9448992732959249,
    0.9483948118848312,
    0.9109557538404931,
    0.9460031275871585,
    0.9540060711986018,
    0.9479348725968172,
    0.9364363903964676,
    0.9270536289209824,
    0.9566737190690828,
    0.8657897157575201,
    0.9486707754576396,
    0.9448992732959249,
    0.9505105326096955,
    0.9437034311470885,
    0.952994204764971,
    0.9530861926225738,
    0.9556618526354521,
    0.9508784840401067,
    0.952994204764971,
    0.9416796982798271,
    0.9610891362340171,
    0.9533621561953822,
    0.9542820347714102,
    0.9563977554962745,
    0.9585134762211388,
    0.9609971483764144,
    0.953914083340999,
    0.959801306227578,
    0.9560298040658634,
    0.9595253426547695,
    0.9549259497746297
  ],
  "val_f1": [
    0.6346702702352355,
    0.6155152375639545,
    0.7022103956963128,
    0.6561219355382095,
    0.44631480527282197,
    0.7424122941215565,
    0.7579578055753111,
    0.729630590699215,
    0.7278800404066332,
    0.6447319216087064,
    0.7356862723719023,
    0.5376596497669659,
    0.6203232577193875,
    0.7825269838247763,
    0.7186445646665567,
    0.8190191660154865,
    0.7751494607011011,
    0.805448915084119,
    0.7745665178742653,
    0.7871209458906839,
    0.8019881683817451,
    0.8090245841438366,
    0.8100536487017771,
    0.8277529440099003,
    0.8153051954864201,
    0.797252294241271,
    0.8292836749323991,
    0.8272198214511793,
    0.8311604620102981,
    0.8285105973081043,
    0.8252776756766843,
    0.8335063836652532,
    0.8376967761314658,
    0.7987084560497218,
    0.8346961555414496,
    0.8412986579789976,
    0.8317464405507852,
    0.8257519273717473,
    0.8029285479075904,
    0.841055138049399,
    0.7789250510764624,
    0.826186416976349,
    0.8330729218757276,
    0.8419491575236847,
    0.83179188442802,
    0.8413465715207952,
    0.8421161235566754,
    0.8435103936008878,
    0.839308025526539,
    0.8430575355216686,
    0.8290817372318697,
    0.8529523626989931,
    0.8448160083950849,
    0.8404923755021539,
    0.8445749910758042,
    0.8487017733070146,
    0.8516405374730242,
    0.843420446359032,
    0.8481754011089684,
    0.8444497882566122,
    0.8489062009072009,
    0.8463259074700255
  ]
}