{
  "train_loss": [
    0.8493021263302925,
    0.5586659993170026,
    0.47976844753888764,
    0.4425793750099026,
    0.41817067744606673,
    0.39654258087245886,
    0.36576947045681524,
    0.36950405255246543,
    0.3404865218342727,
    0.27372916066552544,
    0.262087412593161,
    0.2358773443294464,
    0.2393099543633473,
    0.22821326184239596,
    0.21581524982397343,
    0.21048487533559307,
    0.189755311648888,
    0.17648781285652154,
    0.18113333115542826,
    0.15661770528025268,
    0.1531675465219254,
    0.1270062105676889,
    0.1305257039527239,
    0.12069441163358129,
    0.12425043162363848,
    0.11591285924045036,
    0.11620200698709172,
    0.1097493499816259,
    0.10796769970854744,
    0.09484632064259137,
    0.0886657955088136,
    0.08538105678066533,
    0.08472380088372378,
    0.08099226383954114,
    0.07897424820487407,
    0.07745734554340304,
    0.07838026153497009,
    0.07128816272528153,
    0.07462685901310805,
    0.06763291326769963,
    0.0639530952025053,
    0.06683295573715387,
    0.06696149018975993,
    0.06170795565085022,
    0.06062004869895475,
    0.05990079145598583,
    0.05646009366229764,
    0.05655295166714975,
    0.05248017622164871,
    0.05686078024506377,
    0.04692234171045736,
    0.049249705280167956,
    0.051904781109331895,
    0.04936597577589447,
    0.045795959948317325,
    0.04446286602879051,
    0.04258488267971981,
    0.04164105881431821,
    0.03830602687427408
  ],
  "val_loss": [
    0.5114860918087416,
    0.502534750835644,
    0.4213664899144547,
    0.40978461670662814,
    0.930133209283564,
    0.4059323749709136,
    0.35388953191641226,
    0.36667993519992864,
    0.3264329884053592,
    0.3314501999172069,
    0.2798662321644954,
    0.2678603149169876,
    0.26157910693904624,
    0.2776564918002695,
    0.3527764980109391,
    0.22537285502698118,
    0.2650087938095102,
    0.2605265700928685,
    0.24390049549111797,
    0.24574431456833126,
    0.28825823518573257,
    0.22642591801978235,
    0.24218124675429709,
    0.21501175813406373,
    0.2539505744771865,
    0.23902420244241263,
    0.24672648829378263,
    0.2678441652395369,
    0.2807845350969338,
    0.2337381094944295,
    0.23372401578810878,
    0.22051584839898994,
    0.2251310508885672,
    0.2289695152477432,
    0.22736627429049686,
    0.23461324510945616,
    0.24299045203683864,
    0.23815234789891931,
    0.22706083094946358,
    0.23680003381365686,
    0.25751083270998654,
    0.25264021530793673,
    0.2660067100298897,
    0.24610492985182605,
    0.2696547090427073,
    0.2576850669551204,
    0.27788204116091064,
    0.2641735276650758,
    0.2968503449947634,
    0.2942141398738495,
    0.27702429382984295,
    0.28396848542525815,
    0.2780706534694519,
    0.30341558199185337,
    0.2910713626716223,
    0.2768133536701495,
    0.2872854347649433,
    0.27421110246487107,
    0.2735235207684927
  ],
  "train_acc": [
    0.744112777113421,
    0.813126667279919,
    0.8245791555514672,
    0.8318691932664888,
    0.8436666360040475,
    0.8493008922822187,
    0.8584076901848956,
    0.8598794959065403,
    0.8678364455891823,
    0.8842102842424799,
    0.8885567105142121,
    0.8983994112777114,
    0.905068530953914,
    0.9092309815104406,
    0.9076901848955938,
    0.9135774077821728,
    0.9191426731671419,
    0.9201775365651734,
    0.9216493422868182,
    0.9259497746297489,
    0.9330788335939656,
    0.9383681354061264,
    0.9397479532701684,
    0.942369607211848,
    0.9417946831018306,
    0.9454282034771411,
    0.946348082053169,
    0.9470379909851899,
    0.9491537117100542,
    0.9506025204672983,
    0.95460399227302,
    0.9564667463894766,
    0.9573406310367032,
    0.9578465642535186,
    0.9585594701499403,
    0.9601232637291878,
    0.9597093183699752,
    0.9638717689265017,
    0.9617790451660381,
    0.9622619814184528,
    0.9651595989329409,
    0.9644466930365192,
    0.966378438046178,
    0.9654815564345507,
    0.9675512832306136,
    0.96874712537945,
    0.9692300616318646,
    0.9684251678778402,
    0.9700809493146905,
    0.9700809493146905,
    0.9722426639683561,
    0.9727256002207708,
    0.9706328764603073,
    0.9724726336123631,
    0.9736224818323981,
    0.9744043786220219,
    0.9760371630944715,
    0.9756002207708583,
    0.9767270720264924
  ],
  "val_acc": [
    0.8361696256094195,
    0.8420568484959985,
    0.8736086836537577,
    0.8358016741790084,
    0.4424615950694508,
    0.7502529666084077,
    0.8159322969368044,
    0.8696532057768375,
    0.8495078649618251,
    0.9357924753932481,
    0.8854751172845184,
    0.9180388188759084,
    0.9233741146168706,
    0.9083800938276148,
    0.9542820347714102,
    0.9330328396651641,
    0.9230061631864593,
    0.9373562689724956,
    0.9297212767914635,
    0.9422316254254438,
    0.9575016097875081,
    0.9392880139821543,
    0.95032655689449,
    0.9328488639499586,
    0.9357924753932481,
    0.9365283782540704,
    0.9346886211020146,
    0.948486799742434,
    0.9501425811792843,
    0.9531781804801767,
    0.957961549075522,
    0.9545579983442186,
    0.9497746297488732,
    0.9530861926225738,
    0.9591573912243584,
    0.9580535369331248,
    0.9592493790819612,
    0.9527182411921626,
    0.9467390304479809,
    0.9585134762211388,
    0.9611811240916199,
    0.9599852819427835,
    0.9607211848036059,
    0.9581455247907277,
    0.9597093183699752,
    0.9555698647778493,
    0.9691840677030632,
    0.9599852819427835,
    0.968356176984638,
    0.9690000919878576,
    0.9622849783828534,
    0.9667003955477876,
    0.9623769662404562,
    0.9649526262533346,
    0.9654125655413486,
    0.9672523226934044,
    0.9691840677030632,
    0.9605372090884003,
    0.9621010026676479
  ],
  "val_f1": [
    0.7303658086224344,
    0.7176028809660799,
    0.7892741085959655,
    0.7439830642625969,
    0.4473741996039214,
    0.7018156618259582,
    0.7238160849189959,
    0.7514026581240991,
    0.7681913311621571,
    0.8238128681359682,
    0.8021496015976204,
    0.8061111353399668,
    0.8361486762785308,
    0.804809753784748,
    0.8141352752195187,
    0.8361590722856955,
    0.8232497707751838,
    0.8333317038834189,
    0.8180530118298796,
    0.8415535418761037,
    0.8566151867913597,
    0.8474285070449443,
    0.862774970469077,
    0.8433708401117483,
    0.8549981835967736,
    0.8370823285809839,
    0.8452388523362758,
    0.8517978618355516,
    0.8372461951245946,
    0.8551511460209645,
    0.8675992715533347,
    0.8630494815775738,
    0.8597842522151927,
    0.8634304336468928,
    0.8776153364846203,
    0.8744672062382528,
    0.8698675472521802,
    0.8636009710502885,
    0.8596729786221,
    0.8764462717512581,
    0.8803778352374326,
    0.8710593719414046,
    0.8785110881483195,
    0.8756216879404208,
    0.8691087216267309,
    0.8729823988656272,
    0.8890716100640694,
    0.8710498331992317,
    0.8922575752348223,
    0.88685187785167,
    0.8737540962774655,
    0.8845158897400729,
    0.879179313024474,
    0.8787400130036586,
    0.8766636375589171,
    0.8834502095829094,
    0.8868120010133294,
    0.8723913521818358,
    0.8769331156480861
  ]
}