{
  "train_loss": [
    1.0658723021395762,
    0.5969400829301018,
    0.40724065097151857,
    0.30422566250883637,
    0.25608424383986894,
    0.19357455601940904,
    0.15968363175516284,
    0.1332888434446677,
    0.10971123814547186,
    0.0928107810840415,
    0.08465352827237091,
    0.0703435957725814,
    0.05700248326390376,
    0.05095755974148314,
    0.04933533473785892,
    0.040114825259557965,
    0.03413514779417509,
    0.032505962354119136,
    0.029612948607251412,
    0.02685490290784,
    0.024386555385473362,
    0.02260189473412423,
    0.020027458237347195,
    0.017708386864851385,
    0.018923212528994995,
    0.016737256978978838,
    0.014801787975042984,
    0.014334327577187597,
    0.012511043580014728,
    0.011635343673547419,
    0.012804080078758868,
    0.01322944233276751,
    0.01315504180917006,
    0.011608366100161256,
    0.010678915837139683,
    0.026428715833831586,
    0.027083114858381926,
    0.017371617100561277,
    0.013381687436373114,
    0.01115952342578672,
    0.008048846945543538,
    0.007304850249191335,
    0.006327066290506802,
    0.005816826347641016,
    0.005222029046120987,
    0.00485887245099713,
    0.004985173822265547,
    0.00428936850506082,
    0.0043453311643116615,
    0.0041947640955280925,
    0.003490675009209493,
    0.004169309466161268,
    0.003639274857980782,
    0.003517574446229397,
    0.003251906562882356,
    0.0033617233097616305,
    0.003274039063191811,
    0.0035824878415429166,
    0.0035506082188021745,
    0.004417707978547916,
    0.003691577384881137,
    0.0034818505013668104,
    0.003092959328814923,
    0.0030319419064596823,
    0.002718460058540527,
    0.002899513018357186,
    0.002404838387349199,
    0.002661088678351702,
    0.002327374838234
  ],
  "val_loss": [
    2.8512808416203583,
    5.172736717821012,
    5.200395932205027,
    2.6364871679656408,
    1.4396339214754987,
    0.6056936461762554,
    0.37595003182617615,
    0.5734595838208041,
    0.1973700531861258,
    0.18426545840207353,
    0.11022923702687483,
    0.24278960916427095,
    0.15983703862024137,
    0.07522113919230704,
    0.11165603449979884,
    0.11366821557801536,
    0.09064977295047696,
    0.1200238372121363,
    0.11465372698195296,
    0.07348789932161211,
    0.08784112553019256,
    0.05835804836033799,
    0.06406218524590147,
    0.05724071924209803,
    0.08661536821807148,
    0.131921387796963,
    0.14187691431921262,
    0.05450942365156399,
    0.09621415061908904,
    0.06194031425934138,
    0.06699956521198597,
    0.07165043084042544,
    0.06328767604413812,
    0.0749779998846287,
    0.05906843634946137,
    0.07520898714525896,
    0.06924275450443412,
    0.08553961966066481,
    0.062238538582414245,
    0.05107739046846545,
    0.12804836823216315,
    0.05405747539737924,
    0.05156488417270058,
    0.0634754253481971,
    0.05443228434258305,
    0.049943912569400895,
    0.05419929355907907,
    0.06710606264283725,
    0.04833774924519507,
    0.050211288053420726,
    0.050861973611896844,
    0.0628223546875997,
    0.049213767968369716,
    0.04930911989641512,
    0.05465134932306519,
    0.05448710044862901,
    0.05008788774100643,
    0.05330533987450387,
    0.052490911186330834,
    0.06744139962478829,
    0.05264159309322333,
    0.05776710190182557,
    0.050573376018086896,
    0.0507328955444792,
    0.055346948720488044,
    0.051611126616162656,
    0.0511579080828774,
    0.05167652726263869,
    0.053620389763688374
  ],
  "train_acc": [
    0.6495492594977463,
    0.8135176156747309,
    0.8734707018673535,
    0.9046315886303008,
    0.9185907460215251,
    0.9410127863122068,
    0.9515683929721277,
    0.9611581271272192,
    0.9690690828810598,
    0.9745423604084261,
    0.9771640143501058,
    0.9819933768742526,
    0.9848220034955386,
    0.9874436574372183,
    0.9875816392236225,
    0.990295281022905,
    0.9924799926409714,
    0.9925029896053721,
    0.9936988317542085,
    0.9943427467574281,
    0.9944117376506301,
    0.9951706374758532,
    0.9956995676570692,
    0.9965504553398952,
    0.9961825039094839,
    0.9969873976635084,
    0.9969184067703063,
    0.9974243399871217,
    0.9980452580259406,
    0.9981142489191427,
    0.9975393248091252,
    0.9971483764143133,
    0.9974243399871217,
    0.9975623217735259,
    0.9978382853463342,
    0.9923880047833686,
    0.9934228681814,
    0.9959065403366756,
    0.9970103946279091,
    0.9975393248091252,
    0.9986661760647595,
    0.9987351669579615,
    0.9989651366019685,
    0.9991491123171742,
    0.9993790819611811,
    0.9993560849967804,
    0.9990571244595713,
    0.9994940667831846,
    0.9994940667831846,
    0.9994940667831846,
    0.9996320485695888,
    0.9994940667831846,
    0.9994480728543832,
    0.9996090516051881,
    0.9996550455339895,
    0.999540060711986,
    0.9995630576763868,
    0.999471069818784,
    0.999540060711986,
    0.9993100910679791,
    0.9994480728543832,
    0.9995630576763868,
    0.9996550455339895,
    0.9996320485695888,
    0.9998160242847944,
    0.9997240364271917,
    0.9997930273203937,
    0.9997010394627909,
    0.9999080121423972
  ],
  "val_acc": [
    0.029804065863306042,
    0.029804065863306042,
    0.03651917946831018,
    0.12804709778309264,
    0.42608775641615304,
    0.7908196118112409,
    0.8598105050133382,
    0.8185079569496826,
    0.9257657989145432,
    0.9374482568300985,
    0.9620090148100451,
    0.9159230981510441,
    0.9441633704351026,
    0.9745193634440253,
    0.9618250390948395,
    0.9632968448164843,
    0.9695520191334743,
    0.963848771962101,
    0.9611811240916199,
    0.9761751448808758,
    0.9694600312758715,
    0.9808665256186183,
    0.9806825499034127,
    0.9827062827706743,
    0.9719437034311471,
    0.9571336583570969,
    0.954833961917027,
    0.984178088492319,
    0.9681722012694325,
    0.9818783920522491,
    0.9816024284794407,
    0.9779229141753288,
    0.9804985741882072,
    0.9777389384601233,
    0.9816024284794407,
    0.9788427927513568,
    0.9769110477416981,
    0.9727715941495723,
    0.9817864041946464,
    0.9836261613467022,
    0.9598932940851808,
    0.984178088492319,
    0.9840861006347162,
    0.9799466470425904,
    0.9838101370619078,
    0.9848220034955386,
    0.9843620642075246,
    0.9794867077545764,
    0.9844540520651274,
    0.9845460399227302,
    0.9847300156379358,
    0.9800386349001932,
    0.9848220034955386,
    0.9836261613467022,
    0.9821543556250575,
    0.9845460399227302,
    0.9834421856314967,
    0.9843620642075246,
    0.9832582099162911,
    0.98059056204581,
    0.9854659184987582,
    0.9827062827706743,
    0.9849139913531414,
    0.9835341734890994,
    0.9822463434826603,
    0.9844540520651274,
    0.9845460399227302,
    0.9849139913531414,
    0.9832582099162911
  ],