{
  "train_loss": [
    1.2617811958744427,
    0.7897598791743101,
    0.6556910857052453,
    0.5892251875645957,
    0.5229259560621604,
    0.46854096923851724,
    0.4344353333846175,
    0.3944172623399626,
    0.3565144536631404,
    0.3569513546648509,
    0.32166626146411886,
    0.2998846579624422,
    0.26187157249036175,
    0.2492621973377616,
    0.22680283054845135,
    0.2517424972976168,
    0.23242957044981208,
    0.20162376584612823,
    0.20661111616154032,
    0.1806486563894306,
    0.1865904956367941,
    0.18316435901081976,
    0.1770969558215582,
    0.18442282562871698,
    0.1525728587198582,
    0.13614057211979652,
    0.13292238484578392,
    0.15864984280953312,
    0.14973687055621718,
    0.15553012396240726,
    0.14768203939595204,
    0.13676542489994264,
    0.11118215382874982,
    0.11339298432785239,
    0.1003203276545152,
    0.08785148243348806,
    0.08142016424998201,
    0.07186298943571483,
    0.07244832539457526,
    0.06131846101296802,
    0.06440377039330258,
    0.058896000026798484,
    0.06273345129737287,
    0.05484879649740366,
    0.05881861544972115,
    0.05380210397821069,
    0.05230272484413999,
    0.046128660629947804,
    0.04438003709500534,
    0.04498790211035942,
    0.04487133812577029,
    0.03948668740972809,
    0.0429056487181113,
    0.04062249832572872,
    0.03907113093939341,
    0.03952068377674454,
    0.03935678000054296,
    0.039434099049212225,
    0.03221618800960593,
    0.03204366713799978,
    0.032125865876271656,
    0.029660491941378677,
    0.03002430019959658,
    0.030038475285228277,
    0.031224547881160487,
    0.02664304803637098
  ],
  "val_loss": [
    2.013306384790175,
    0.8262148110696138,
    0.7114402635063948,
    0.5307703294389744,
    0.7443194825288925,
    0.503704496510015,
    0.5724509902502003,
    0.6064302615403976,
    0.5206994914123604,
    0.5600702049113517,
    0.4665642111229706,
    0.5401436977027454,
    0.326126694950664,
    0.29645222111975805,
    0.3270317846279488,
    0.42173610443836873,
    0.4702229554728174,
    0.42688061605490246,
    0.46167951925085327,
    0.34631571628748903,
    0.3456673915603762,
    0.4287082127875166,
    0.6004029277791951,
    0.6616276143287168,
    0.2671884007922597,
    0.3252203336166991,
    0.37053552101062176,
    0.4859012284906991,
    0.45864894964769326,
    0.7442530484671492,
    0.30843489703533566,
    0.3709231683822139,
    0.2879086877640449,
    0.3958481107143237,
    0.301036467703568,
    0.34373917210158006,
    0.20475797936088652,
    0.21576225426157356,
    0.19193215588699344,
    0.2620427802091316,
    0.27456279584224547,
    0.19611976936866646,
    0.3609939695895952,
    0.29161163139377255,
    0.256084106615129,
    0.18508848498726427,
    0.22606102540635348,
    0.3337774483644472,
    0.25158584901944614,
    0.46937947885530235,
    0.2969603560115824,
    0.3739810773792509,
    0.3357877822339442,
    0.20495820229011388,
    0.233625994654097,
    0.3292831499693245,
    0.2910445250544045,
    0.2809173011517154,
    0.20375717496347784,
    0.2128641899946192,
    0.26045138208964375,
    0.26498608496209736,
    0.2656284537207136,
    0.2074879873305814,
    0.24115313250729464,
    0.2585415197155116
  ],
  "train_acc": [
    0.5064621469965964,
    0.7320163738386533,
    0.7886119032287738,
    0.8097921074418177,
    0.8243491859074602,
    0.8374114616870573,
    0.8483350197773893,
    0.866939563977555,
    0.8778171281390856,
    0.8870159138993653,
    0.8837733419188667,
    0.8933630760739583,
    0.9059884095299421,
    0.9078511636463987,
    0.9111857234845,
    0.9144052985005979,
    0.9106107993744825,
    0.9251448808757244,
    0.9202695244227762,
    0.9314690460859166,
    0.9292843344678502,
    0.9293993192898538,
    0.9256278171281391,
    0.9273755864225922,
    0.9394259957685586,
    0.9367813448624781,
    0.945658173121148,
    0.9432434918590746,
    0.940920798454604,
    0.9417026952442278,
    0.9410127863122068,
    0.9414727256002208,
    0.9496826418912704,
    0.9555698647778493,
    0.9549489467390304,
    0.9577545763959158,
    0.9584444853279367,
    0.9660794775089688,
    0.9691380737742618,
    0.9727256002207708,
    0.9695980130622758,
    0.9725186275411646,
    0.974243399871217,
    0.9747263361236317,
    0.9753702511268513,
    0.9748183239812345,
    0.9774629748873149,
    0.9781528838193358,
    0.9768650538128967,
    0.98059056204581,
    0.9769570416704995,
    0.9796936804341827,
    0.9783368595345414,
    0.9805675650814093,
    0.9816714193726428,
    0.9815334375862386,
    0.9790037715021617,
    0.9818553950878484,
    0.9850519731395456,
    0.9842700763499218,
    0.9846840217091344,
    0.9856498942139638,
    0.9858338699291693,
    0.9840401067059148,
    0.9851669579615491,
    0.9868687333272008
  ],
  "val_acc": [
    0.031091895869745194,
    0.8037898997332352,
    0.8789439793947199,
    0.8436206420752461,
    0.7497930273203937,
    0.7874160610799374,
    0.7325912979486707,
    0.7290957593597646,
    0.7707662588538313,
    0.5518351577591758,
    0.7440897801490203,
    0.4100818691932665,
    0.8747125379449913,
    0.9138073774261798,
    0.8679974243399872,
    0.9602612455155919,
    0.6811700855487076,
    0.8785760279643087,
    0.962928893386073,
    0.8824395179836262,
    0.8208076533897526,
    0.9410357832766075,
    0.7822647410541809,
    0.7596357280838929,
    0.907828166681998,
    0.9259497746297489,
    0.5879863857970747,
    0.9589734155091528,
    0.9664244319749793,
    0.943979394719897,
    0.835065771318186,
    0.9537301076257934,
    0.8040658633060436,
    0.9710238248551192,
    0.8226474105418085,
    0.9525342654769571,
    0.9374482568300985,
    0.9598932940851808,
    0.9440713825774998,
    0.9740594241560114,
    0.9723116548615582,
    0.9585134762211388,
    0.9605372090884003,
    0.9549259497746297,
    0.9699199705638856,
    0.9618250390948395,
    0.972863582007175,
    0.9506945083249011,
    0.9659644926869653,
    0.9236500781896789,
    0.9767270720264924,
    0.972403642719161,
    0.973783460583203,
    0.9551099254898353,
    0.9358844632508508,
    0.9781988777481373,
    0.9743353877288198,
    0.9651366019685401,
    0.9614570876644283,
    0.9552019133474381,
    0.9686321405574464,
    0.9720356912887499,
    0.9806825499034127,
    0.9617330512372367,
    0.9631128691012786,
    0.9764511084536841
  ],