{
  "train_loss": [
    1.0349782414658288,
    0.6242514914613607,
    0.5083653058220367,
    0.426447384927784,
    0.3650994556784224,
    0.3160404075629664,
    0.2612351837400328,
    0.2385140830067853,
    0.19796781868589647,
    0.16660717345048373,
    0.14772895013750909,
    0.15566138804189175,
    0.1148309308602733,
    0.10409765429510363,
    0.08908591573870661,
    0.07747014173327171,
    0.06477282557812294,
    0.05843644919290778,
    0.049641454033605,
    0.04814940929397764,
    0.055268402057761117,
    0.0472512739554504,
    0.03993906618424309,
    0.033638109625648276,
    0.03303852264174223,
    0.031203902550552273,
    0.029162270811560916,
    0.02691929868201676,
    0.024377109835674985,
    0.02521641816946968,
    0.022844073640820174,
    0.021633832144972734,
    0.02183123130501057,
    0.021729648505278337,
    0.019115390782405994,
    0.018454055579160057,
    0.017179036038699764,
    0.015877239687279006,
    0.01694940228147802,
    0.0152323175053425,
    0.01460246210846724,
    0.013479132492928977,
    0.01380440694850619,
    0.015687539838131086,
    0.012209344966601464,
    0.010394369311481317,
    0.009956148965108604,
    0.008612612624154168,
    0.008296142476524741,
    0.007883466805544128,
    0.007343883934919014,
    0.007624387587396226,
    0.007383443849727891
  ],
  "val_loss": [
    2.0246295874783993,
    1.9443531499024358,
    1.3536371326898324,
    1.1108589233552486,
    1.3262314727472826,
    1.2478183522174862,
    1.669628159912779,
    0.37610713224239506,
    1.998340778479788,
    0.27712028151974816,
    0.6965110211393869,
    0.6178687715111502,
    0.32250726625437065,
    0.41108512204843267,
    0.718831104085654,
    0.1368451129997043,
    0.17294790577607763,
    0.2660071922197325,
    0.16260494507534634,
    0.8624173831001024,
    0.1547158006121204,
    0.20312451847907143,
    0.26097166164578645,
    0.16741105811174392,
    0.12233389021076413,
    0.11761199142268144,
    0.12953592045125564,
    0.5736081582972892,
    0.234042795679462,
    0.12835443681105116,
    0.11115456047637429,
    0.11181736148900001,
    0.099871463078511,
    0.14323843368204459,
    0.329922571390382,
    0.11688117689855973,
    0.26373681439207247,
    0.2155967655648809,
    0.119702203884459,
    0.17405142963327355,
    0.13812310933633623,
    0.10994802059599035,
    0.15680605539643067,
    0.21401381944406,
    0.12572864357050687,
    0.12815998346244015,
    0.10787820070639298,
    0.12161125164030447,
    0.11429979514476951,
    0.11390885523132409,
    0.10918116583706056,
    0.11493579699469297,
    0.15120658042974564
  ],
  "train_acc": [
    0.6611627265200993,
    0.7994434734615031,
    0.832766074878116,
    0.8585916659001012,
    0.881151687977187,
    0.8970425903780701,
    0.9199245699567657,
    0.9242709962284978,
    0.9411967620274124,
    0.9521663140465458,
    0.9568346978198877,
    0.9547879679882255,
    0.9699429675282862,
    0.971184803605924,
    0.9769340447060988,
    0.9793487259681722,
    0.9836261613467022,
    0.985557906356361,
    0.988915463158863,
    0.9890764419096679,
    0.9849369883175421,
    0.988685493514856,
    0.9905712445957133,
    0.993192898537393,
    0.9920660472817588,
    0.993123907644191,
    0.9938598105050134,
    0.9944347346150308,
    0.9946417072946371,
    0.9942507588998252,
    0.9951016465826511,
    0.9956305767638671,
    0.9954236040842609,
    0.9954236040842609,
    0.9960675190874805,
    0.9961595069450833,
    0.9964354705178916,
    0.9968954098059056,
    0.9965044614110937,
    0.996941403734707,
    0.9974473369515224,
    0.9973553490939197,
    0.9970103946279091,
    0.9965964492686965,
    0.998091251954742,
    0.9983212215987489,
    0.9983212215987489,
    0.9987811608867629,
    0.9987121699935608,
    0.9989651366019685,
    0.9989651366019685,
    0.9989191426731672,
    0.9990801214239721
  ],
  "val_acc": [
    0.03854291233557171,
    0.22711802042130438,
    0.43942599576855856,
    0.5469598013062276,
    0.4593873608683654,
    0.5199153711710054,
    0.35120964032747676,
    0.8714009750712906,
    0.35682089964124736,
    0.9092079845460399,
    0.7108821635544108,
    0.7599116916567014,
    0.9057124459571336,
    0.8502437678226474,
    0.7483212215987489,
    0.9571336583570969,
    0.943979394719897,
    0.9086560574004231,
    0.9428755404286634,
    0.705822831386257,
    0.9563977554962745,
    0.9342286818140005,
    0.9113237052709042,
    0.9434274675742802,
    0.9610891362340171,
    0.9690920798454604,
    0.9631128691012786,
    0.8056296568852911,
    0.9253058596265293,
    0.9613650998068255,
    0.9662404562597737,
    0.9678042498390212,
    0.9709318369975163,
    0.9652285898261429,
    0.8851991537117101,
    0.9686321405574464,
    0.9146352681446049,
    0.9318369975163279,
    0.962928893386073,
    0.9491307147456536,
    0.9632968448164843,
    0.9680802134118296,
    0.9586974519363444,
    0.9309171189402998,
    0.9664244319749793,
    0.9602612455155919,
    0.9691840677030632,
    0.9639407598197038,
    0.9710238248551192,
    0.9714837641431331,
    0.972403642719161,
    0.9676202741238157,
    0.9551099254898353
  ],
  "val_f1": [
    0.10031112933028428,
    0.3068401340824935,
    0.48534577444669824,
    0.5880071255070874,
    0.6257445586592677,
    0.6635329918188654,
    0.6074639452629148,
    0.7797153426388411,
    0.6156073665437787,
    0.8009442394284405,
    0.7232875277109234,
    0.7339407763724712,
    0.7637602679224835,
    0.7634603168807341,
    0.651821240000377,
    0.8542960552181099,
    0.8380144219737402,
    0.8082408115796975,
    0.841859632475024,
    0.7011427284005501,
    0.827270823481566,
    0.8284300858046086,
    0.8045546990485447,
    0.8307644881954803,
    0.8644488288459057,
    0.8734157146740115,
    0.8619723853045377,
    0.7635071233935506,
    0.8239476151910919,
    0.8547099049046035,
    0.8736777234903595,
    0.8757375853016343,
    0.8760968046528803,
    0.8622785683554257,
    0.783217348911545,
    0.8785307220147263,
    0.7948254633606068,
    0.8171795381316667,
    0.8545490857782996,
    0.8158089400615176,
    0.8621590905438533,
    0.8748456497540781,
    0.8435308483687307,
    0.8237595617471245,
    0.8588758445426454,
    0.8619023103289754,
    0.8735544710653698,
    0.8688886756246573,
    0.8758123551824215,
    0.8794971075143847,
    0.8783247150199949,
    0.874564859538712,
    0.8489556451646468
  ]
}