{
  "train_loss": [
    1.2433008828868028,
    0.756059269684239,
    0.627464206114983,
    0.5799222427725562,
    0.529870109465554,
    0.4708358521086895,
    0.4332714387907976,
    0.3912818111817166,
    0.3822346920197741,
    0.3462367646883453,
    0.32777805792113124,
    0.2945818153056891,
    0.2982797258067576,
    0.2873251152591251,
    0.27496935114526294,
    0.24016915590719667,
    0.22684962903989425,
    0.21945336397191373,
    0.19786364338636156,
    0.18548481887090437,
    0.1721350987789745,
    0.16057593168807482,
    0.1582297976494998,
    0.1450479577076423,
    0.14482006565505343,
    0.13766022649533768,
    0.13451460322546616,
    0.14797659394175441,
    0.12793307137400495,
    0.11990344832248581,
    0.1423958580577377,
    0.13125318827772522,
    0.11180990150316737,
    0.11170859688882852,
    0.09238040254236901,
    0.09099795648208067,
    0.08997129198914564,
    0.09566327065528234,
    0.0900696672765786,
    0.07562112432785717,
    0.0748573542127843,
    0.06821005161234475,
    0.061158400809229733,
    0.06226602616855175,
    0.05589825713345816,
    0.05305076150010979,
    0.05183337762315834,
    0.04394726167907492,
    0.04098582206763928,
    0.038688847384425074,
    0.03763015427345756,
    0.03518260708612468,
    0.03623777300992553,
    0.030097796830729304,
    0.031811118846574664,
    0.029173750168022868,
    0.03224950494617704,
    0.04193822745236858,
    0.03588677999004002,
    0.032855603747976574,
    0.03013624915622347,
    0.02671498362437232,
    0.02660948934264652,
    0.0247246092986396,
    0.022998308580258756,
    0.022502775091299925,
    0.022952153392066875,
    0.02014692259482781,
    0.02000482757271252,
    0.02045941853484737,
    0.020368126332800978,
    0.02707684926329541,
    0.019659607019164055,
    0.022112220429790764,
    0.02186954443705969,
    0.019418915994818313,
    0.020634622535739507,
    0.021671133122569932,
    0.0210428517486579,
    0.01870823985872246,
    0.018487378107950127,
    0.0179892519411656,
    0.016513586904270683
  ],
  "val_loss": [
    2.0216286768635614,
    0.9659844585322992,
    0.831725841025378,
    0.873564533280006,
    0.7323599762480565,
    0.829602368226015,
    0.5515931942361817,
    0.6811109961104496,
    0.5848194428775866,
    0.6756710347558174,
    0.4005310272964314,
    0.3907961106658936,
    0.5618254671966609,
    0.650935337137972,
    0.5676204139126355,
    0.44615628099816557,
    0.5371845117839956,
    0.4486112780255607,
    0.29094859610764284,
    0.42230871410238724,
    0.2922502083448749,
    0.38528395988401454,
    0.3196664051697715,
    0.5260537689079324,
    0.2857699331967704,
    0.49536675880117803,
    0.5616442300437532,
    0.3507296809791784,
    0.3574271202772765,
    0.5743145304916645,
    0.47369947114695665,
    0.34029505858370007,
    0.4801350220696554,
    0.6225959967310213,
    0.2537515499989667,
    0.6153695491038824,
    0.3262956314314564,
    0.4033986468914296,
    0.3464471163306457,
    0.38903519767822725,
    0.28820898167897957,
    0.36817766328917706,
    0.33538739891074615,
    0.4800513923255909,
    0.2741249908331006,
    0.2985773669517574,
    0.24006764125927052,
    0.23107313693512793,
    0.2709651400274564,
    0.27935312249444244,
    0.30354505060469367,
    0.3404922798617258,
    0.2378607689224032,
    0.28526258127591325,
    0.315490356248882,
    0.28737681204092097,
    0.390434265435537,
    0.30267092386945477,
    0.4655608650008731,
    0.39376025553647076,
    0.349617325126571,
    0.25095477397988397,
    0.214643113319903,
    0.29274982294298535,
    0.2587427733730408,
    0.27112368406751386,
    0.24825966602859387,
    0.26340994570706194,
    0.23988351416383866,
    0.2514827450450019,
    0.27498220143048635,
    0.2731153835106352,
    0.25655889000101784,
    0.22312177685747786,
    0.31082422307998053,
    0.3049547394699735,
    0.27981996331194287,
    0.36003629319083996,
    0.2451137537055287,
    0.2653792289363001,
    0.23769517946365007,
    0.2494606627414378,
    0.26647942441195815
  ],
  "train_acc": [
    0.5044154171649342,
    0.7452166314046546,
    0.7968218195198233,
    0.8187379265936896,
    0.8315932296936804,
    0.8386762947290958,
    0.8558780241008187,
    0.8682733879127955,
    0.8797718701131451,
    0.8791279551099255,
    0.8897065587342471,
    0.8961917026952442,
    0.8976405114524882,
    0.9003541532517708,
    0.9029528102290497,
    0.9007910955753841,
    0.9103348358016742,
    0.9107487811608868,
    0.9136463986753749,
    0.924110017477693,
    0.9285254346426272,
    0.9313540612639132,
    0.9301582191150768,
    0.9368043418268789,
    0.9374252598656977,
    0.9403458743445865,
    0.940000919878576,
    0.9373562689724956,
    0.941380737742618,
    0.946578051697176,
    0.9484638027780333,
    0.9392880139821543,
    0.9501885751080857,
    0.9516603808297305,
    0.949245699567657,
    0.9571566553214975,
    0.9578005703247171,
    0.9594103578327661,
    0.9559378162082605,
    0.9614340907000276,
    0.9633658357096864,
    0.9670453500137982,
    0.9688851071658541,
    0.9690230889522583,
    0.9719667003955478,
    0.976083157023273,
    0.9741744089780149,
    0.9791877472173673,
    0.9803145984730015,
    0.9814874436574372,
    0.9827062827706743,
    0.9817634072302456,
    0.9824533161622666,
    0.9843390672431239,
    0.9850059792107442,
    0.9858108729647687,
    0.9858108729647687,
    0.9854889154631589,
    0.985097967068347,
    0.9844770490295282,
    0.9848909943887407,
    0.9869837181492043,
    0.9866847576119953,
    0.988386532977647,
    0.9894213963756784,
    0.9887084904792567,
    0.9884095299420477,
    0.9901572992365008,
    0.9892374206604728,
    0.9907092263821176,
    0.9903182779873057,
    0.9911921626345322,
    0.9909161990617239,
    0.9902722840585043,
    0.990824211204121,
    0.9900423144144973,
    0.9908702051329225,
    0.9909391960261246,
    0.9906632324533161,
    0.9903182779873057,
    0.991284150492135,
    0.9922500229969644,
    0.9921580351393616
  ],