{
  "train_loss": [
    1.0478659291548558,
    0.6558946995965012,
    0.5639618766876956,
    0.5198987439314539,
    0.48211020501554097,
    0.410726671738761,
    0.3923633145837509,
    0.36715857972601784,
    0.3367688814610745,
    0.31321228304405835,
    0.30745661584930273,
    0.30414831957167027,
    0.2987093202884212,
    0.30341347140766267,
    0.2756019612539002,
    0.23175458521508938,
    0.21853249624307106,
    0.20778978264887785,
    0.2273719334474056,
    0.20210964423556763,
    0.18747088097898756,
    0.18668399705129982,
    0.17435519819579406,
    0.17561559532759172,
    0.16458286649237647,
    0.16133926601717394,
    0.15655487968663745,
    0.1525357463683653,
    0.14109209804518025,
    0.1344562494701881,
    0.14036854773159463,
    0.14990437366757153,
    0.14991779100839003,
    0.14912756278709285,
    0.1275443455934108,
    0.11869872964746588,
    0.1112714404612574,
    0.11446683467936794,
    0.13324225333508743,
    0.13797158209010568,
    0.17165484131013073,
    0.11892228339235122,
    0.10609596511245421,
    0.10686040390325705,
    0.09910561302739336,
    0.09841209111207323,
    0.09956568319574252,
    0.09728387969747089,
    0.08219653373273511,
    0.07885227859823478,
    0.07762812747221765,
    0.0788345685571901,
    0.08126575018305555,
    0.07192234759655995,
    0.07470608777936714,
    0.0780156240684163,
    0.0675430757044737,
    0.07378930501004512,
    0.06696121787415751,
    0.06692684819919624,
    0.062337680327679564,
    0.060590009034644954,
    0.05148526155696974,
    0.04829986166562287,
    0.0429469674302051,
    0.04354465822849867,
    0.04193050428442283,
    0.03751818494767255,
    0.043044956170879875,
    0.041230153303040654,
    0.04135294502549454,
    0.03844869185608145,
    0.0373253323488666,
    0.0350639834765644,
    0.03583051210313709,
    0.03649403281573615,
    0.034226467012714826,
    0.032175102017812346,
    0.027370291089284564,
    0.029990638479715153,
    0.02844831582579274,
    0.02827363142356648,
    0.025211661543466494,
    0.026701347741870912,
    0.024732647257899087,
    0.025357347189771492,
    0.023139068330990643,
    0.025461535713384456,
    0.02255363327772914,
    0.02320079472905967
  ],
  "val_loss": [
    0.6907912458758073,
    0.9157006493729749,
    0.51061180508923,
    0.6082415152534743,
    0.5309400776307439,
    0.4352569325534327,
    0.4257884243519148,
    0.43542270313442255,
    0.34492810714618777,
    0.34116653924362933,
    0.3960039456901045,
    2.650856981916992,
    0.37598803382537893,
    0.46584979325557585,
    0.35531582878447643,
    0.29217618795132505,
    0.2665910160582108,
    0.2747128208551397,
    0.31839956846641604,
    0.2737181131435772,
    0.2830074816001897,
    0.2986509585082284,
    0.2844141290659585,
    0.2626194688874898,
    0.2980346100089763,
    0.2840002179776347,
    0.2826153899514459,
    0.3065314629119362,
    0.33823260988157045,
    0.2687484437529357,
    0.39504510334230875,
    0.3643942433100551,
    0.30627936845529313,
    0.30743208051923115,
    0.2798735038187585,
    0.29501177304068044,
    0.27793410927312223,
    0.3055647953340007,
    0.26089909507701725,
    0.7785659256190673,
    0.32096692949612965,
    0.3003314148260121,
    0.2713884051946409,
    0.26884822134710196,
    0.2867608117334604,
    0.4020131683132486,
    0.32559553998262963,
    0.3849825048915992,
    0.2669535050719151,
    0.3736259586956253,
    0.3457237970378315,
    0.33959092594982676,
    0.3646097245787469,
    0.3572835615088953,
    0.39460555807601755,
    0.37516196425611803,
    0.3217607825492806,
    0.46623744815245316,
    0.3027148921326764,
    0.30828932571099704,
    0.31746791335918156,
    0.3436334812726677,
    0.3336931171664844,
    0.34949172016295915,
    0.3485343938763825,
    0.33650809578531066,
    0.334158243133243,
    0.3651610936497646,
    0.3260215926895189,
    0.3126963425988645,
    0.33760326638270866,
    0.30093310571738874,
    0.3198463123347588,
    0.35694165321800486,
    0.4231335661353386,
    0.3585307410790613,
    0.3678239619580575,
    0.356974593356763,
    0.3374214503420999,
    0.38212595482932293,
    0.3466474401973864,
    0.3347837126756173,
    0.34280612993762327,
    0.35367216631905835,
    0.3797450424934879,
    0.37887259744290713,
    0.3864864135318162,
    0.34216407593331116,
    0.3731206423082037,
    0.3830828395612259
  ],
  "train_acc": [
    0.6053260969552019,
    0.780034035507313,
    0.7978106889890535,
    0.8131036703155183,
    0.8168521755128323,
    0.8323751264833043,
    0.8453454144052985,
    0.8478980774537761,
    0.8576027964308711,
    0.8645018857510809,
    0.8610983350197774,
    0.871446969000092,
    0.8658587066507221,
    0.8681354061263913,
    0.8786910127863122,
    0.8912013614202925,
    0.8924202005335296,
    0.9051605188115169,
    0.9005151320025757,
    0.9051835157759176,
    0.9119446233097231,
    0.9135314138533713,
    0.9203385153159783,
    0.916084076901849,
    0.9243399871217,
    0.920591481924386,
    0.9220172937172293,
    0.9224772330052433,
    0.9303421948302824,
    0.9290083708950418,
    0.9295832950050593,
    0.9238340539048846,
    0.9291923466102474,
    0.9201545396007726,
    0.9325039094839481,
    0.9367583478980774,
    0.9382301536197222,
    0.9403228773801858,
    0.9342286818140005,
    0.9399779229141754,
    0.934803605924018,
    0.9381381657621194,
    0.9445773157943151,
    0.9424845920338515,
    0.9435884463250851,
    0.949475669211664,
    0.947336951522399,
    0.9457271640143501,
    0.9514074142213228,
    0.9511774445773158,
    0.9554548799558459,
    0.9534081501241836,
    0.9576165946095115,
    0.9567427099622849,
    0.9565127403182779,
    0.9573636280011039,
    0.9607671787324074,
    0.9595023456903689,
    0.9581685217551283,
    0.9581685217551283,
    0.9617560482016374,
    0.9630668751724772,
    0.9646076717873241,
    0.9685861466286451,
    0.9712078005703247,
    0.9691380737742618,
    0.9718057216447429,
    0.9738524514764051,
    0.9736914727256002,
    0.9727256002207708,
    0.973714469690001,
    0.9737374666544016,
    0.9740824211204121,
    0.9759221782724681,
    0.9767040750620918,
    0.9753012602336492,
    0.9769800386349002,
    0.9787967988225554,
    0.9813034679422317,
    0.9791877472173673,
    0.9798316622205869,
    0.9803835893662036,
    0.9825912979486707,
    0.9798316622205869,
    0.9826602888418728,
    0.9839711158127127,
    0.9838791279551099,
    0.9818553950878484,
    0.9839941127771135,
    0.9836721552755037
  ],