{
  "train_loss": [
    0.9006729245394203,
    0.5811751928054006,
    0.5108653376045644,
    0.4194616062470516,
    0.42549141103227184,
    0.44373470871047827,
    0.3853378969692458,
    0.3098907267808278,
    0.3038796607534138,
    0.28624265174584557,
    0.2813734609248853,
    0.26561737589921214,
    0.2366022485432657,
    0.2768655905477609,
    0.24109639487554063,
    0.2161971935215063,
    0.21899837794995616,
    0.21183781943329125,
    0.22975321212618455,
    0.20859608171221064,
    0.17609903130554558,
    0.1557771926292576,
    0.15386422422314708,
    0.16969762986234443,
    0.16852302901243266,
    0.1565152569760911,
    0.15544205108643258,
    0.1580081185902199,
    0.1382681727279144,
    0.12593122183996952,
    0.10275306437439033,
    0.10822819009602822,
    0.09302424522883188,
    0.08944000234249468,
    0.08026613367863823,
    0.08763374091524306,
    0.0922924117783583,
    0.08047028263617369,
    0.0743918536160158,
    0.07333525545191232,
    0.07142901387079013,
    0.05978240591649759,
    0.053928305191480404,
    0.05122005143742993,
    0.05232286652687688,
    0.048120625400196966,
    0.04517181622257322,
    0.045140832507005006,
    0.04162844913064057,
    0.0449688686509408,
    0.043381065028457365,
    0.040445189697220926,
    0.03839717929573356,
    0.03742800827062993,
    0.033889073806220894,
    0.03612882852219864,
    0.033617862719652156,
    0.031168684399004047,
    0.028146027256580892,
    0.03098932005414999,
    0.027460172384149422
  ],
  "val_loss": [
    0.6628414307815282,
    0.825985567778741,
    0.48567896045654635,
    0.44179433421645165,
    0.3981390417022414,
    0.44525862467145316,
    0.3413032465866678,
    0.366565250421599,
    0.3119939057777211,
    0.313952402411252,
    0.41662279044723194,
    0.35675808356663813,
    0.2954506467061126,
    0.3850473883882112,
    0.33061017870639836,
    0.37214098216780916,
    0.49011728708696456,
    0.36019985369427115,
    0.4292431418217596,
    0.30619512131435433,
    0.3187780953322105,
    0.44312441386313284,
    0.27595996412025975,
    0.43799759445792674,
    0.277812973720292,
    0.36972590622988766,
    0.24621640264620592,
    0.4324877705353404,
    0.2553835639959864,
    0.2838048687465671,
    0.2612089403210102,
    0.36743009774827023,
    0.2794876407635551,
    0.37157753586807485,
    0.3083668927947443,
    0.37570109306016913,
    0.2755413263934745,
    0.2732829559190371,
    0.3105125822015151,
    0.4195617053682786,
    0.30134853466806544,
    0.30678981661292143,
    0.29243829437768754,
    0.31753685051307495,
    0.2965141556668376,
    0.33815280687111565,
    0.3487157865573331,
    0.30815780036156204,
    0.27147827770143934,
    0.37588989891597774,
    0.4065650235613096,
    0.40212791630671507,
    0.38170173626196724,
    0.3154316052455887,
    0.34948412495433173,
    0.39961062715234713,
    0.4019463928160217,
    0.338353730730624,
    0.3417814232017658,
    0.3488268880251524,
    0.3408690097538487
  ],
  "train_acc": [
    0.6777665348174041,
    0.8003633520375311,
    0.814437494250759,
    0.828419648606384,
    0.834605832030172,
    0.8424937908196118,
    0.8389522583019041,
    0.8646628645018858,
    0.8721138809677123,
    0.8748965136601968,
    0.8791049581455248,
    0.8818185999448073,
    0.8894995860546407,
    0.8895455799834422,
    0.8892236224818324,
    0.90033115628737,
    0.9060344034587434,
    0.9056664520283323,
    0.8991583111029344,
    0.9058274307791372,
    0.9131864593873609,
    0.9219942967528286,
    0.9202235304939748,
    0.9221092815748321,
    0.9222932572900377,
    0.9212353969276056,
    0.9221552755036335,
    0.9251678778401251,
    0.9269616410633796,
    0.9314690460859166,
    0.9415647134578236,
    0.9476819059884095,
    0.9479348725968172,
    0.9516373838653298,
    0.9493606843896606,
    0.9554318829914451,
    0.9495676570692668,
    0.9554548799558459,
    0.9577085824671143,
    0.9598932940851808,
    0.9601692576579891,
    0.9635498114248919,
    0.9655505473277527,
    0.9691150768098611,
    0.9688851071658541,
    0.9694140373470702,
    0.9710238248551192,
    0.9722656609327569,
    0.9713457823567289,
    0.9732315334375863,
    0.9723806457547604,
    0.9745423604084261,
    0.9735304939747953,
    0.9752092723760464,
    0.9763131266672799,
    0.977600956673719,
    0.9780838929261337,
    0.978221874712538,
    0.980820531689817,
    0.9793027320393708,
    0.9815104406218379
  ],
  "val_acc": [
    0.7974427375586423,
    0.47051789163830376,
    0.8514396099714837,
    0.869837181492043,
    0.8640419464630669,
    0.6212859902492871,
    0.8604544200165578,
    0.7830006439150032,
    0.8758163922362249,
    0.8592585778677214,
    0.8212675926777665,
    0.9177628553031,
    0.7852083524974703,
    0.9438874068622942,
    0.9200625517431699,
    0.9072762395363811,
    0.9433354797166774,
    0.8170361512280379,
    0.9215343574648146,
    0.9401159047005795,
    0.932664888234753,
    0.9343206696716033,
    0.916842976727072,
    0.9530861926225738,
    0.9226382117560482,
    0.7704902952810229,
    0.864869837181492,
    0.952994204764971,
    0.9228221874712538,
    0.9086560574004231,
    0.8958697451936345,
    0.9575935976451109,
    0.9334927789531782,
    0.9601692576579891,
    0.9486707754576396,
    0.9250298960537209,
    0.9407598197037991,
    0.924569956765707,
    0.9515223990433263,
    0.9387360868365375,
    0.9424156011406495,
    0.9614570876644283,
    0.9583295005059332,
    0.9626529298132647,
    0.9554778769202465,
    0.963848771962101,
    0.9621010026676479,
    0.9657805169717597,
    0.95888142765155,
    0.9609051605188115,
    0.9713917762855303,
    0.9695520191334743,
    0.9698279827062828,
    0.9621010026676479,
    0.957961549075522,
    0.9668843712629933,
    0.9632968448164843,
    0.9673443105510072,
    0.9701039462790911,
    0.9667003955477876,
    0.9655965412565541
  ],
  "val_f1": [
    0.6999414871738033,
    0.4351925630509925,
    0.7264086141149728,
    0.7702345268592126,
    0.7395210393211225,
    0.6200885855272859,
    0.7558214537619744,
    0.7136984555640793,
    0.7769251803730225,
    0.7728261330342537,
    0.7270624280442463,
    0.798504803642603,
    0.7225609996838924,
    0.786685751591104,
    0.8012694230955558,
    0.7920474592107918,
    0.8063071519418386,
    0.6989874420781396,
    0.7988611313002915,
    0.8094204428957421,
    0.8266876347020358,
    0.8151084268324831,
    0.8204547397619465,
    0.8330001610098119,
    0.8003570674315639,
    0.6503447903548495,
    0.7754128326862992,
    0.8307251847064494,
    0.8168172197309727,
    0.8196493250705729,
    0.8085533823869648,
    0.8362197607870903,
    0.8250283725951104,
    0.8515608906900235,
    0.8462338277329141,
    0.7807192196316376,
    0.819079218364882,
    0.7910370288005721,
    0.8296599463769039,
    0.8131630815111399,
    0.8181923940131683,
    0.8433109345369333,
    0.8569968556630956,
    0.8613075162590272,
    0.8393888966124198,
    0.867772023220499,
    0.8448194337402334,
    0.8548729361930089,
    0.8540328828988564,
    0.8562597828744277,
    0.8721006060710969,
    0.8656235306615204,
    0.8633174848163515,
    0.8706161922011528,
    0.8539879884797869,
    0.8595759678521264,
    0.8542521295346357,
    0.8615365623848613,
    0.8689650192139982,
    0.8669962479568254,
    0.8606227204827953
  ]
}