{
  "train_loss": [
    0.9755350353855754,
    0.6684827966640059,
    0.624268551894158,
    0.5713339200559134,
    0.55151409680551,
    0.5164781191999083,
    0.4878989063342464,
    0.4580099185051952,
    0.4844215637601164,
    0.40080622107780206,
    0.39852793906344935,
    0.3805017103273574,
    0.374384799404182,
    0.3627244444655995,
    0.3338737679393034,
    0.3568376103676009,
    0.3370528142039487,
    0.32429958483705074,
    0.3243325711168413,
    0.33021796151835286,
    0.31401674829820253,
    0.28831202016151136,
    0.2945551978868478,
    0.2850593998267453,
    0.27505531285731555
  ],
  "val_loss": [
    0.5943531431864271,
    0.47123000693292716,
    0.4354246037116694,
    0.5673959203185751,
    0.42570942371094,
    0.5135196767683663,
    0.3994246856613175,
    0.40323577258845894,
    0.372114184542376,
    0.31993919154799594,
    0.3105996772996439,
    0.3011874934340914,
    0.29351959168148856,
    0.3083558923411244,
    0.3556821697435518,
    0.2740944622000713,
    0.28786634141086664,
    0.26770999679903396,
    0.25389943502088796,
    0.4342576133896177,
    0.2753505475175555,
    0.23053671086876804,
    0.2527525644040395,
    0.22612484944767572,
    0.21600152693381142
  ],
  "train_acc": [
    0.6989697359948487,
    0.7813678594425536,
    0.7950740502253703,
    0.7962238984454052,
    0.8102750436942323,
    0.8134946187103302,
    0.8180020237328672,
    0.8222794591113973,
    0.8234523042958329,
    0.8328580627357189,
    0.8370665072210468,
    0.8452074326188943,
    0.8480820531689817,
    0.8537163094471529,
    0.852566461227118,
    0.8557630392788153,
    0.8561999816024285,
    0.8590056112593137,
    0.866249655045534,
    0.8619492227026032,
    0.865099806825499,
    0.8710790175696808,
    0.870987029712078,
    0.8699751632784473,
    0.8723438506117193
  ],
  "val_acc": [
    0.8120688069174868,
    0.8208996412473554,
    0.8267868641339343,
    0.5591021985097967,
    0.840493054916751,
    0.6550455339895134,
    0.8107809769110478,
    0.819703799098519,
    0.8071934504645387,
    0.8853831294269157,
    0.8427007634992181,
    0.8782080765338975,
    0.8405850427743538,
    0.8733327200809493,
    0.947106981878392,
    0.8728727807929353,
    0.8881427651549996,
    0.892006255174317,
    0.9029528102290497,
    0.7552203109189587,
    0.8940299880415785,
    0.9054364823843253,
    0.8699291693496458,
    0.8879587894397939,
    0.912335571704535
  ],
  "val_f1": [
    0.6679410197927587,
    0.700869589718854,
    0.7638520440366284,
    0.6071555655522719,
    0.7590237435651249,
    0.6309668589024882,
    0.7089522648532045,
    0.7578912159122502,
    0.7326131833745568,
    0.7727853091858673,
    0.7704612572380316,
    0.781692598309823,
    0.795746166494698,
    0.7652412380960324,
    0.8371177699313148,
    0.807338593562997,
    0.7983633229997218,
    0.7986827854803988,
    0.8183229864461607,
    0.673652435700012,
    0.8078280291099053,
    0.8269307183784377,
    0.8097397164142426,
    0.806832592185064,
    0.8261210691036471
  ]
}